code,name
1,SUPERCOMNET TECHNOLOGIES BERHAD
2,KOTRA INDUSTRIES BERHAD
8,WILLOWGLEN MSC BERHAD
12,THREE-A RESOURCES BERHAD
21,GHL SYSTEMS BERHAD
29,DIGISTAR CORPORATION BERHAD
32,REDTONE INTERNATIONAL BERHAD
37,RGB INTERNATIONAL BHD
40,OPENSYS (M) BERHAD
41,HONG SENG CONSOLIDATED BERHAD
43,METRONIC GLOBAL BERHAD
49,OCEANCASH PACIFIC BERHAD
51,CUSCAPI BERHAD
54,KARYON INDUSTRIES BERHAD
56,NCT ALLIANCE BERHAD
58,JCBNEXT BERHAD
59,ECOBUILT HOLDINGS BERHAD
64,EFFICIENT E-SOLUTIONS BERHAD
65,EXCEL FORCE MSC BERHAD
78,GD EXPRESS CARRIER BERHAD
82,GREEN PACKET BERHAD
83,NOTION VTEC BERHAD
90,ELSOFT RESEARCH BERHAD
91,PROPEL GLOBAL BERHAD
97,VITROX CORPORATION BERHAD
99,SCICOM (MSC) BERHAD
101,TMC LIFE SCIENCES BERHAD
104,GENETEC TECHNOLOGY BERHAD
113,MMS VENTURES BERHAD
118,TRIVE PROPERTY GROUP BERHAD
126,MICROLINK SOLUTIONS BERHAD
127,JHM CONSOLIDATION BERHAD
128,FRONTKEN CORPORATION BERHAD
136,GREENYIELD BERHAD
138,MY E.G. SERVICES BERHAD
143,KEY ASIC BERHAD
146,JF TECHNOLOGY BERHAD
149,FIBON BERHAD
151,KELINGTON GROUP BERHAD
157,FOCUS POINT HOLDINGS BERHAD
159,ASIA MEDIA GROUP BERHAD
163,CAREPLUS GROUP BERHAD
166,INARI AMERTRON BERHAD
168,BOILERMECH HOLDINGS BERHAD
172,OCK GROUP BERHAD
180,KIM TECK CHEONG CONSOLIDATED BERHAD
183,SALUTICA BERHAD
185,HSS ENGINEERS BERHAD
186,PERAK TRANSIT BERHAD
192,INTA BINA GROUP BERHAD
193,KEJURUTERAAN ASASTERA BERHAD
196,QES GROUP BERHAD
197,WEGMANS HOLDINGS BERHAD
198,GDB HOLDINGS BERHAD
200,REVENUE GROUP BERHAD
201,NOVA WELLNESS GROUP BERHAD
208,GREATECH TECHNOLOGY BERHAD
212,SDS GROUP BERHAD
215,SOLARVEST HOLDINGS BERHAD
219,RESERVOIR LINK ENERGY BHD
222,OPTIMAX HOLDINGS BERHAD
223,SAMAIDEN GROUP BERHAD
225,SOUTHERN CABLE GROUP BERHAD
229,MOBILIA HOLDINGS BERHAD
239,ECOMATE HOLDINGS BERHAD
1015,AMMB HOLDINGS BERHAD
1023,CIMB GROUP HOLDINGS BERHAD
1058,MANULIFE HOLDINGS BERHAD
1066,RHB BANK BERHAD
1082,HONG LEONG FINANCIAL GROUP BERHAD
1147,GLOBAL ORIENTAL BERHAD
1155,MALAYAN BANKING BERHAD
1163,ALLIANZ MALAYSIA BERHAD
1171,MALAYSIA BUILDING SOCIETY BERHAD
1198,MAA GROUP BERHAD
1287,PAN MALAYSIA HOLDINGS BERHAD
1295,PUBLIC BANK BERHAD
1368,UEM EDGENTA BERHAD
1481,ADVANCE SYNERGY BERHAD
1503,GUOCOLAND (MALAYSIA) BERHAD
1538,SYMPHONY LIFE BERHAD
1562,BERJAYA SPORTS TOTO BERHAD
1589,ISKANDAR WATERFRONT CITY BERHAD
1619,DRB-HICOM BERHAD
1643,LANDMARKS BERHAD
1651,MALAYSIAN RESOURCES CORPORATION BERHAD
1694,MENANG CORPORATION (M) BERHAD
1724,PARAMOUNT CORPORATION BERHAD
1818,BURSA MALAYSIA BERHAD
1899,BATU KAWAN BERHAD
1902,PINEHILL PACIFIC BERHAD
1929,CHIN TECK PLANTATIONS BERHAD
1961,IOI CORPORATION BERHAD
1996,KRETAM HOLDINGS BERHAD
2038,NEGRI SEMBILAN OIL PALMS BERHAD
2054,TDM BERHAD
2062,HARBOUR-LINK GROUP BERHAD
2089,UNITED PLANTATIONS BERHAD
2097,EASTLAND EQUITY BHD
2127,COMFORT GLOVES BERHAD
2135,GOPENG BERHAD
2143,ECM LIBRA FINANCIAL GROUP BERHAD
2186,KUCHAI DEVELOPMENT BERHAD
2224,SELANGOR DREDGING BERHAD
2259,TALAM TRANSFORM BERHAD
2291,GENTING PLANTATIONS BERHAD
2305,AYER HOLDINGS BERHAD
2429,TANCO HOLDINGS BERHAD
2445,KUALA LUMPUR KEPONG BERHAD
2453,KLUANG RUBBER COMPANY (MALAYA) BERHAD
2488,ALLIANCE BANK MALAYSIA BERHAD
2542,RIVERVIEW RUBBER ESTATES BERHAD
2569,SUNGEI BAGAN RUBBER COMPANY (MALAYA) BERHAD
2593,UNITED MALACCA BERHAD
2607,INCH KENNETH KAJANG RUBBER PUBLIC LTD CO
2658,AJINOMOTO (MALAYSIA) BERHAD
2674,ALCOM GROUP BERHAD
2682,PARKWOOD HOLDINGS BERHAD
2739,TECHNA-X BERHAD
2755,FCW HOLDINGS BERHAD
2828,C.I. HOLDINGS BERHAD
2836,CARLSBERG BREWERY MALAYSIA BERHAD
2852,CAHYA MATA SARAWAK BERHAD
2984,FACB INDUSTRIES INCORPORATED BERHAD
3018,OLYMPIA INDUSTRIES BERHAD
3026,DUTCH LADY MILK INDUSTRIES BERHAD
3034,HAP SENG CONSOLIDATED BERHAD
3042,PETRON MALAYSIA REFINING & MARKETING BHD
3069,MEGA FIRST CORPORATION BERHAD
3107,FIMA CORPORATION BERHAD
3158,YNH PROPERTY BERHAD
3174,LAND & GENERAL BERHAD
3182,GENTING BERHAD
3204,GEORGE KENT (MALAYSIA) BERHAD
3239,BERJAYA ASSETS BERHAD
3247,GUH HOLDINGS BERHAD
3255,HEINEKEN MALAYSIA BERHAD
3298,HEXZA CORPORATION BERHAD
3301,HONG LEONG INDUSTRIES BERHAD
3336,IJM CORPORATION BERHAD
3379,INSAS BERHAD
3395,BERJAYA CORPORATION BERHAD
3417,EASTERN & ORIENTAL BERHAD
3441,JOHAN HOLDINGS BERHAD
3476,KECK SENG (MALAYSIA) BERHAD
3514,MARCO HOLDINGS BERHAD
3557,ECOFIRST CONSOLIDATED BHD
3565,WCE HOLDINGS BERHAD
3573,LIEN HOE CORPORATION BERHAD
3611,PARAGON GLOBE BERHAD
3662,MALAYAN FLOUR MILLS BERHAD
3689,FRASER & NEAVE HOLDINGS BHD
3719,PANASONIC MANUFACTURING MALAYSIA BERHAD
3743,SUNSURIA BERHAD
3778,MELEWAR INDUSTRIAL GROUP BERHAD
3794,MALAYAN CEMENT BERHAD
3816,MISC BERHAD
3859,MAGNUM BERHAD
3867,MALAYSIAN PACIFIC INDUSTRIES BERHAD
3883,MUDA HOLDINGS BERHAD
3891,MALAYAN UNITED INDUSTRIES BERHAD
3905,MULPHA INTERNATIONAL BERHAD
3913,MUI PROPERTIES BERHAD
3948,DUTALAND BERHAD
4006,ORIENTAL HOLDINGS BERHAD
4022,TADMAX RESOURCES BERHAD
4057,ASIAN PAC HOLDINGS BERHAD
4065,PPB GROUP BERHAD
4081,PAN MALAYSIA CORPORATION BERHAD
4162,BRITISH AMERICAN TOBACCO (MALAYSIA) BERHAD
4197,SIME DARBY BERHAD
4219,BERJAYA LAND BERHAD
4235,LION INDUSTRIES CORPORATION BERHAD
4243,WTK HOLDINGS BERHAD
4251,I-BERHAD
4286,SEAL INCORPORATED BERHAD
4316,SIN HENG CHAN (MALAYA) BERHAD
4324,HENGYUAN REFINING COMPANY BERHAD
4359,TURIYA BERHAD
4375,SOUTH MALAYSIA INDUSTRIES BERHAD
4383,JAYA TIASA HOLDINGS BHD
4405,TAN CHONG MOTOR HOLDINGS BERHAD
4456,DAGANG NEXCHANGE BERHAD
4464,PEGASUS HEIGHTS BERHAD
4502,MEDIA PRIMA BERHAD
4588,UMW HOLDINGS BERHAD
4596,SAPURA RESOURCES BERHAD
4634,POS MALAYSIA BERHAD
4677,YTL CORPORATION BERHAD
4707,NESTLE (MALAYSIA) BERHAD
4715,GENTING MALAYSIA BERHAD
4723,JAKS RESOURCES BERHAD
4731,SCIENTEX BERHAD
4758,ANCOM NYLEX BERHAD
4847,KONSORTIUM TRANSNASIONAL BERHAD
4863,TELEKOM MALAYSIA BERHAD
4936,MALPAC HOLDINGS BERHAD
4944,NYLEX (MALAYSIA) BERHAD
4995,VERSATILE CREATIVE BERHAD
5000,HUME CEMENT INDUSTRIES BERHAD
5001,MIECO CHIPBOARD BERHAD
5005,UNISEM (M) BERHAD
5006,STELLA HOLDINGS BERHAD
5007,CHIN WELL HOLDINGS BERHAD
5008,HARRISONS HOLDINGS (MALAYSIA) BERHAD
5009,WHITE HORSE BERHAD
5010,TONG HERR RESOURCES BERHAD
5011,MESINIAGA BERHAD
5012,TA ANN HOLDINGS BERHAD
5014,MALAYSIA AIRPORTS HOLDINGS BERHAD
5015,APM AUTOMOTIVE HOLDINGS BERHAD
5016,WARISAN TC HOLDINGS BERHAD
5020,GLOMAC BERHAD
5021,AYS VENTURES BERHAD
5022,PAOS HOLDINGS BERHAD
5024,HUP SENG INDUSTRIES BERHAD
5025,NWP HOLDINGS BERHAD
5026,MHC PLANTATIONS BHD
5027,KIM LOONG RESOURCES BERHAD
5028,HEITECH PADU BERHAD
5029,FAR EAST HOLDINGS BERHAD
5031,TIME DOTCOM BERHAD
5032,BINTULU PORT HOLDINGS BERHAD
5035,KNUSFORD BERHAD
5036,EDARAN BERHAD
5037,COMPUGATES HOLDINGS BERHAD
5038,KSL HOLDINGS BERHAD
5040,MERIDIAN BERHAD
5041,PBA HOLDINGS BHD
5042,TSR CAPITAL BERHAD
5047,NPC RESOURCES BERHAD
5048,YB VENTURES BERHAD
5049,COUNTRY VIEW BERHAD
5053,OSK HOLDINGS BERHAD
5054,TRC SYNERGY BERHAD
5056,ENGTEX GROUP BERHAD
5062,HUA YANG BERHAD
5065,ORNAPAPER BERHAD
5066,NTPM HOLDINGS BERHAD
5068,LUSTER INDUSTRIES BHD.
5069,BLD PLANTATION BHD.
5070,PROTASCO BERHAD
5071,COASTAL CONTRACTS BHD
5072,HIAP TECK VENTURE BERHAD
5073,NAIM HOLDINGS BERHAD
5075,PLENITUDE BERHAD
5077,MALAYSIAN BULK CARRIERS BERHAD
5078,MARINE & GENERAL BERHAD
5079,ONE GLOVE GROUP BERHAD
5080,POH KONG HOLDINGS BERHAD
5081,ESTHETICS INTERNATIONAL GROUP BERHAD
5082,CYMAO HOLDINGS BERHAD
5084,IBRACO BERHAD
5085,MUDAJAYA GROUP BERHAD
5087,MYCRON STEEL BERHAD
5088,APEX EQUITY HOLDINGS BERHAD
5090,MEDIA CHINESE INTERNATIONAL LIMITED
5094,CSC STEEL HOLDINGS BERHAD
5095,HEVEABOARD BERHAD
5098,MALAYSIA STEEL WORKS (KL) BHD
5099,CAPITAL A BERHAD
5100,BP PLASTICS HOLDING BHD
5101,EVERGREEN FIBREBOARD BERHAD
5102,GUAN CHONG BERHAD
5104,CITRA NUSA HOLDINGS BERHAD
5105,CAN-ONE BERHAD
5106,AXIS REAL ESTATE INVESTMENT TRUST
5107,IQ GROUP HOLDINGS BERHAD
5108,ICAPITAL.BIZ BERHAD
5109,YTL HOSPITALITY REIT
5110,UOA REAL ESTATE INVESTMENT TRUST
5111,TOWER REAL ESTATE INVESTMENT TRUST
5112,TH PLANTATIONS BERHAD
5113,RIMBUNAN SAWIT BERHAD
5115,ALAM MARITIM RESOURCES BERHAD
5116,AL-AQAR HEALTHCARE REIT
5120,AMFIRST REAL ESTATE INVESTMENT TRUST
5121,HEKTAR REAL ESTATE INVESTMENT TRUST
5123,SENTRAL REIT
5125,PANTECH GROUP HOLDINGS BERHAD
5126,SARAWAK OIL PALMS BERHAD
5127,AMANAHRAYA REAL ESTATE INVESTMENT TRUST
5129,MELATI EHSAN HOLDINGS BERHAD
5130,ATRIUM REAL ESTATE INVESTMENT TRUST
5131,ZHULIAN CORPORATION BERHAD
5132,DELEUM BERHAD
5133,PETRA ENERGY BERHAD
5134,SOUTHERN ACIDS (M) BERHAD
5135,SARAWAK PLANTATION BERHAD
5136,COMPLETE LOGISTIC SERVICES BERHAD
5138,HAP SENG PLANTATIONS HOLDINGS BERHAD
5139,AEON CREDIT SERVICE (M) BERHAD
5140,TASCO BERHAD
5141,DAYANG ENTERPRISE HOLDINGS BERHAD
5142,WAH SEONG CORPORATION BERHAD
5143,LUXCHEM CORPORATION BERHAD
5145,SEALINK INTERNATIONAL BERHAD
5147,SAMCHEM HOLDINGS BERHAD
5148,UEM SUNRISE BERHAD
5149,TAS OFFSHORE BERHAD
5151,HEXTAR GLOBAL BERHAD
5152,MUAR BAN LEE GROUP BERHAD
5156,XIDELANG HOLDINGS LTD
5157,SAUDEE GROUP BERHAD
5159,YOONG ONN CORPORATION BERHAD
5160,HOMERITZ CORPORATION BERHAD
5161,JCY INTERNATIONAL BERHAD
5162,VSTECS BERHAD
5163,SEREMBAN ENGINEERING BERHAD
5165,HOCK HENG STONE INDUSTRIES BHD
5166,MINDA GLOBAL BERHAD
5167,TURBO-MECH BERHAD
5168,HARTALEGA HOLDINGS BERHAD
5169,HO HUP CONSTRUCTION COMPANY BHD
5170,SARAWAK CABLE BERHAD
5171,KIMLUN CORPORATION BERHAD
5172,K-STAR SPORTS LIMITED
5173,SHIN YANG GROUP BERHAD
5175,IVORY PROPERTIES GROUP BERHAD
5176,SUNWAY REAL ESTATE INVESTMENT TRUST
5178,INGENIEUR GUDANG BERHAD
5180,CAPITALAND MALAYSIA TRUST
5182,MCT BERHAD
5183,PETRONAS CHEMICALS GROUP BERHAD
5184,CYPARK RESOURCES BERHAD
5185,AFFIN BANK BERHAD
5186,MALAYSIA MARINE AND HEAVY ENGINEERING HOLDINGS BERHAD
5187,HB GLOBAL LIMITED
5188,CHINA OUHUA WINERY HOLDINGS LIMITED
5190,BENALEC HOLDINGS BERHAD
5191,TAMBUN INDAH LAND BERHAD
5192,K.SENG SENG CORPORATION BERHAD
5195,CENSOF HOLDINGS BERHAD
5196,BERJAYA FOOD BERHAD
5197,FOCUS LUMBER BERHAD
5198,ABM FUJIYA BERHAD
5199,HIBISCUS PETROLEUM BERHAD
5200,UOA DEVELOPMENT BHD
5202,MSM MALAYSIA HOLDINGS BERHAD
5204,PRESTARIANG BERHAD
5205,EVERSENDAI CORPORATION BERHAD
5207,SBC CORPORATION BERHAD
5208,EITA RESOURCES BERHAD
5209,GAS MALAYSIA BERHAD
5210,BUMI ARMADA BERHAD
5211,SUNWAY BERHAD
5212,PAVILION REAL ESTATE INV TRUST
5213,SENTORIA GROUP BERHAD
5216,DATASONIC GROUP BERHAD
5218,SAPURA ENERGY BERHAD
5219,PESTECH INTERNATIONAL BERHAD
5220,GLOBALTEC FORMATION BERHAD
5222,FGV HOLDINGS BERHAD
5223,MENTIGA CORPORATION BERHAD
5225,IHH HEALTHCARE BERHAD
5226,GABUNGAN AQRS BERHAD
5227,IGB REAL ESTATE INVESTMENT TRUST
5228,ELK-DESA RESOURCES BERHAD
5230,TUNE PROTECT GROUP BERHAD
5231,PELIKAN INTERNATIONAL CORPORATION BERHAD
5232,LEON FUAT BERHAD
5236,MATRIX CONCEPTS HOLDINGS BERHAD
5237,MPHB Capital Berhad
5238,AirAsia X Berhad
5239,TITIJAYA LAND BERHAD
5242,SOLID AUTOMOTIVE BERHAD
5243,VELESTO ENERGY BERHAD
5246,WESTPORTS HOLDINGS BERHAD
5247,KAREX BERHAD
5248,BERMAZ AUTO BERHAD
5249,IOI PROPERTIES GROUP BERHAD
5250,7-ELEVEN MALAYSIA HOLDINGS BERHAD
5252,SASBADI HOLDINGS BERHAD
5253,ECONPILE HOLDINGS BERHAD
5254,BOUSTEAD PLANTATIONS BERHAD
5255,ICON OFFSHORE BERHAD
5256,REACH ENERGY BERHAD
5257,CARIMIN PETROLEUM BERHAD
5258,BIMB HOLDINGS BERHAD
5259,E.A.TECHNIQUE (M) BERHAD
5260,ONLY WORLD GROUP HOLDINGS BERHAD
5263,SUNWAY CONSTRUCTION GROUP BERHAD
5264,MALAKOFF CORPORATION BERHAD
5265,DOLPHIN INTERNATIONAL BERHAD
5267,XIN HWA HOLDINGS BERHAD
5268,IKHMAS JAYA GROUP BERHAD
5269,AL-SALAM REAL ESTATE INVESTMENT TRUST
5270,RED SENA BERHAD
5271,PECCA GROUP BERHAD
5272,RANHILL HOLDINGS BERHAD
5273,CHIN HIN GROUP BERHAD
5274,HONG LEONG CAPITAL BERHAD
5275,MYNEWS HOLDINGS BERHAD
5276,DANCOMECH HOLDINGS BERHAD
5277,FOUNDPAC GROUP BERHAD
5278,RHONE MA HOLDINGS BERHAD
5279,SERBA DINAMIK HOLDINGS BERHAD
5280,KIP REAL ESTATE INVESTMENT TRUST
5281,ADVANCECON HOLDINGS BERHAD
5283,ECO WORLD INTERNATIONAL BERHAD
5284,LOTTE CHEMICAL TITAN HOLDING BERHAD
5285,SIME DARBY PLANTATION BERHAD
5286,MI TECHNOVATION BERHAD
5288,SIME DARBY PROPERTY BERHAD
5289,TECHBOND GROUP BERHAD
5291,HPMT HOLDINGS BERHAD
5292,UWC BERHAD
5293,AME ELITE CONSORTIUM BERHAD
5295,INNATURE BERHAD
5296,MR D.I.Y. GROUP (M) BERHAD
5297,TUJU SETIA BERHAD
5298,OM HOLDINGS LIMITED
5299,IGB COMMERCIAL REAL ESTATE INVESTMENT TRUST
5300,YENHER HOLDINGS BERHAD
5301,CTOS DIGITAL BERHAD
5302,AURELIUS TECHNOLOGIES BERHAD
5303,SWIFT HAULAGE BERHAD
5305,SENHENG NEW RETAIL BERHAD
5306,FARM FRESH BERHAD
5307,AME REAL ESTATE INVESTMENT TRUST
5308,SENG FONG HOLDINGS BERHAD
5309,ITMAX SYSTEM BERHAD
5310,KUMPULAN KITACON BERHAD
5311,CAPE EMS BERHAD
5313,RADIUM DEVELOPMENT BERHAD
5315,SKYWORLD DEVELOPMENT BERHAD
5316,MST GOLF GROUP BERHAD
5318,DXN HOLDINGS BHD.
5347,TENAGA NASIONAL BHD
5371,KIM HIN INDUSTRY BERHAD
5398,GAMUDA BERHAD
5401,TROPICANA CORPORATION BERHAD
5436,PERUSAHAAN SADUR TIMAH MALAYSIA (PERSTIMA) BHD
5517,SHANGRI-LA HOTELS (MALAYSIA) BERHAD
5533,OCB BERHAD
5568,APB RESOURCES BERHAD
5576,MINHO (M) BERHAD
5592,GRAND CENTRAL ENTERPRISES BHD
5606,IGB BERHAD
5614,INTEGRATED LOGISTICS BHD
5622,PIMPINAN EHSAN BERHAD
5649,GOLDEN PHAROS BERHAD
5657,PARKSON HOLDINGS BERHAD
5665,SOUTHERN STEEL BERHAD
5673,IPMUDA BERHAD
5681,PETRONAS DAGANGAN BHD
5703,MUHIBBAH ENGINEERING (M) BHD
5738,COUNTRY HEIGHTS HOLDINGS BHD
5789,LBS BINA GROUP BERHAD
5797,CHOO BEE METAL INDUSTRIES BHD
5819,HONG LEONG BANK BERHAD
5827,ORIENTAL INTEREST BERHAD
5843,KUMPULAN PERANGSANG SELANGOR BERHAD
5878,KPJ HEALTHCARE BERHAD
5908,DKSH HOLDINGS (MALAYSIA) BERHAD
5916,MALAYSIA SMELTING CORPORATION BERHAD
5932,BINA PURI HOLDINGS BHD
5983,MBM RESOURCES BHD
6009,PACIFIC & ORIENT BERHAD
6012,MAXIS BERHAD
6017,SHL CONSOLIDATED BHD
6033,PETRONAS GAS BERHAD
6041,FARLIM GROUP (MALAYSIA) BHD
6068,PCCS GROUP BERHAD
6076,ENCORP BERHAD
6084,STAR MEDIA GROUP BERHAD
6114,MKH BERHAD
6139,SYARIKAT TAKAFUL MALAYSIA KELUARGA BERHAD
6149,METROD HOLDINGS BERHAD
6173,BINA DARULAMAN BERHAD
6181,MALTON BERHAD
6203,KHEE SAN BERHAD
6211,KIA LIM BERHAD
6254,PDZ HOLDINGS BHD
6262,INNOPRISE PLANTATIONS BERHAD
6297,BOX-PAK (MALAYSIA) BERHAD
6351,AMWAY (MALAYSIA) HOLDINGS BERHAD
6378,WMG HOLDINGS BERHAD
6399,ASTRO MALAYSIA HOLDINGS BERHAD
6432,APOLLO FOOD HOLDINGS BERHAD
6459,MNRB HOLDINGS BERHAD
6483,KENANGA INVESTMENT BANK BERHAD
6491,KUMPULAN FIMA BERHAD
6521,SURIA CAPITAL HOLDINGS BERHAD
6556,ANN JOO RESOURCES BERHAD
6599,AEON CO. (M) BHD
6602,BCB BERHAD
6633,LEONG HUP INTERNATIONAL BERHAD
6637,PNE PCB BERHAD
6645,LINGKARAN TRANS KOTA HOLDINGS BERHAD
6718,CRESCENDO CORPORATION BERHAD
6742,YTL POWER INTERNATIONAL BHD
6769,JKG LAND BERHAD
6807,PUNCAK NIAGA HOLDINGS BERHAD
6815,EUPE CORPORATION BERHAD
6874,KUB MALAYSIA BERHAD
6888,AXIATA GROUP BERHAD
6904,SUBUR TIASA HOLDINGS BERHAD
6912,PASDEC HOLDINGS BERHAD
6939,FIAMMA HOLDINGS BERHAD
6947,DIGI.COM BERHAD
6963,V.S. INDUSTRY BERHAD
6971,KOBAY TECHNOLOGY BERHAD
6998,BINTAI KINDEN CORPORATION BERHAD
7003,Y&G CORPORATION BHD
7004,MCE HOLDINGS BERHAD
7005,B.I.G. INDUSTRIES BERHAD
7006,LATITUDE TREE HOLDINGS BERHAD
7007,ARK RESOURCES HOLDINGS BERHAD
7010,PTT SYNERGY GROUP BERHAD
7013,HUBLINE BERHAD
7014,YLI HOLDINGS BERHAD
7016,CHUAN HUAT RESOURCES BHD
7017,KOMARKCORP BERHAD
7018,CME GROUP BERHAD
7020,YKGI HOLDINGS BERHAD
7022,GLOBETRONICS TECHNOLOGY BERHAD
7025,WOODLANDOR HOLDINGS BHD
7028,ZECON BERHAD
7029,MASTER-PACK GROUP BERHAD
7031,AMTEL HOLDINGS BERHAD
7033,KUMPULAN H & L HIGH-TECH BERHAD
7034,THONG GUAN INDUSTRIES BERHAD
7035,CCK CONSOLIDATED HOLDINGS BERHAD
7036,BORNEO OIL BERHAD
7043,JADE MARVEL GROUP BERHAD
7045,SCOMI ENERGY SERVICES BHD
7047,FAJARBARU BUILDER GROUP BHD
7048,ATLAN HOLDINGS BHD
7050,WONG ENGINEERING CORPORATION BERHAD
7052,PADINI HOLDINGS BERHAD
7053,SEE HUP CONSOLIDATED BERHAD
7054,ASTRAL ASIA BERHAD
7055,PLB ENGINEERING BERHAD
7060,NEW HOONG FATT HOLDINGS BERHAD
7062,KHIND HOLDINGS BERHAD
7066,YONG TAI BERHAD
7070,VIZIONE HOLDINGS BERHAD
7071,OCR GROUP BERHAD
7073,SEACERA GROUP BERHAD
7076,CB INDUSTRIAL PRODUCT HOLDING BERHAD
7077,GSB GROUP BERHAD
7078,AHMAD ZAKI RESOURCES BERHAD
7079,TWL HOLDINGS BERHAD
7080,PERMAJU INDUSTRIES BERHAD
7081,PHARMANIAGA BERHAD
7082,SYF RESOURCES BERHAD
7083,ANALABS RESOURCES BERHAD
7084,QL RESOURCES BERHAD
7085,LTKM BERHAD
7086,ABLEGROUP BERHAD
7087,MAGNI-TECH INDUSTRIES BERHAD
7088,POH HUAT RESOURCES HOLDINGS BERHAD
7089,LII HEN INDUSTRIES BHD.
7090,APEX HEALTHCARE BERHAD
7091,UNIMECH GROUP BERHAD
7094,EUROSPAN HOLDINGS BERHAD
7095,P.I.E. INDUSTRIAL BERHAD
7096,GPA HOLDINGS BERHAD
7097,TA WIN HOLDINGS BERHAD
7099,ATTA GLOBAL GROUP BERHAD
7100,UCHI TECHNOLOGIES BERHAD
7103,SPRITZER BHD
7105,HCK CAPITAL GROUP BERHAD
7106,SUPERMAX CORPORATION BERHAD
7107,ORIENTAL FOOD INDUSTRIES HOLDINGS BERHAD
7108,PERDANA PETROLEUM BERHAD
7113,TOP GLOVE CORPORATION BHD
7114,D'NONCE TECHNOLOGY BHD
7115,SKB SHUTTERS CORPORATION BERHAD
7117,CJ CENTURY LOGISTICS HOLDINGS BERHAD
7120,AXTERIA GROUP BERHAD
7121,XL HOLDINGS BERHAD
7123,PRICEWORTH INTERNATIONAL BERHAD
7128,CAM RESOURCES BERHAD
7129,ASIA FILE CORPORATION BHD
7130,RENEUCO BERHAD
7131,ACME HOLDINGS BERHAD
7132,SMIS CORPORATION BERHAD
7133,UNITED U-LI CORPORATION BERHAD
7134,PWF CORPORATION BERHAD
7137,UMS HOLDINGS BERHAD
7139,NICHE CAPITAL EMAS HOLDINGS BERHAD
7140,OKA CORPORATION BHD
7145,PRINSIPTEK CORPORATION BERHAD
7146,AE MULTI HOLDINGS BERHAD
7148,DUOPHARMA BIOTECH BERHAD
7149,ENG KAH CORPORATION BERHAD
7152,JAYCORP BERHAD
7153,KOSSAN RUBBER INDUSTRIES BERHAD
7154,CAELY HOLDINGS BHD
7155,SKP RESOURCES BHD
7157,CYL CORPORATION BERHAD
7160,PENTAMASTER CORPORATION BERHAD
7161,KERJAYA PROSPEK GROUP BERHAD
7162,ASTINO BERHAD
7163,PJBUMI BERHAD
7164,KNM GROUP BERHAD
7165,DWL RESOURCES BERHAD
7167,JOHORE TIN BERHAD
7168,PRG HOLDINGS BERHAD
7169,DOMINANT ENTERPRISE BERHAD
7170,LFE CORPORATION BERHAD
7172,PMB TECHNOLOGY BERHAD
7173,TOYO VENTURES HOLDINGS BERHAD
7174,CAB CAKARAN CORPORATION BERHAD
7176,TPC PLUS BERHAD
7178,Y.S.P.SOUTHEAST ASIA HOLDING BERHAD
7179,LAGENDA PROPERTIES BERHAD
7180,SERN KOU RESOURCES BERHAD
7181,ARB BERHAD
7183,IRE-TEX CORPORATION BERHAD
7184,G3 GLOBAL BERHAD
7186,SWS CAPITAL BERHAD
7187,CHIN HIN GROUP PROPERTY BERHAD
7188,BTM RESOURCES BERHAD
7191,ADVENTA BERHAD
7192,GOODWAY INTEGRATED INDUSTRIES BERHAD
7195,COMINTEL CORPORATION BHD
7197,GE-SHEN CORPORATION BERHAD
7198,DPS RESOURCES BERHAD
7199,KEIN HING INTERNATIONAL BERHAD
7200,TEK SENG HOLDINGS BERHAD
7201,PROGRESSIVE IMPACT CORPORATION BERHAD
7202,CLASSIC SCENIC BERHAD
7203,WANG-ZHENG BERHAD
7204,D&O GREEN TECHNOLOGIES BERHAD
7207,SUCCESS TRANSFORMER CORPORATION BERHAD
7208,EURO HOLDINGS BERHAD
7209,CHEETAH HOLDINGS BERHAD
7210,FM GLOBAL LOGISTICS HOLDINGS BERHAD
7211,TAFI INDUSTRIES BERHAD
7212,DESTINI BERHAD
7214,A-RANK BERHAD
7215,NI HSIN RESOURCES BERHAD
7216,KAWAN FOOD BERHAD
7217,EONMETALL GROUP BERHAD
7218,TRANSOCEAN HOLDINGS BHD
7219,MINETECH RESOURCES BERHAD
7221,BSL CORPORATION BERHAD
7222,IMASPRO CORPORATION BERHAD
7223,JADI IMAGING HOLDINGS BERHAD
7225,P.A. RESOURCES BERHAD
7226,WATTA HOLDING BERHAD
7227,UMS-NEIKEN GROUP BERHAD
7228,T7 GLOBAL BERHAD
7229,FAVELLE FAVCO BERHAD
7230,TOMEI CONSOLIDATED BERHAD
7231,WELLCALL HOLDINGS BERHAD
7232,RESINTECH BERHAD
7233,DUFU TECHNOLOGY CORP. BERHAD
7234,MESB BERHAD
7235,SUPERLON HOLDINGS BERHAD
7237,POWER ROOT BERHAD
7239,SCANWOLF CORPORATION BERHAD
7240,INFRAHARTA HOLDINGS BERHAD
7241,NEXTGREEN GLOBAL BERHAD
7243,IMPIANA HOTELS BERHAD
7245,WZ SATU BERHAD
7246,SIGNATURE INTERNATIONAL BERHAD
7247,SCGM BHD
7248,SLP RESOURCES BERHAD
7249,EWEIN BERHAD
7250,UZMA BERHAD
7251,BARAKAH OFFSHORE PETROLEUM BERHAD
7252,TEO SENG CAPITAL BERHAD
7253,HANDAL ENERGY BERHAD
7277,DIALOG GROUP BERHAD
7285,TOMYPAK HOLDINGS BERHAD
7293,YINSON HOLDINGS BERHAD
7315,AHB HOLDINGS BERHAD
7323,KEN HOLDINGS BERHAD
7374,TIEN WAH PRESS HOLDINGS BERHAD
7382,GOLDEN LAND BERHAD
7412,SHH RESOURCES HOLDINGS BERHAD
7439,TECK GUAN PERDANA BERHAD
7471,EDEN INC. BERHAD
7498,RALCO CORPORATION BERHAD
7501,HARN LEN CORPORATION BHD
7528,DKLS INDUSTRIES BHD
7544,QUALITY CONCRETE HOLDINGS BERHAD
7579,AWC BERHAD
7595,MGB BERHAD
7609,AJIYA BERHAD
7617,MAGNA PRIMA BERHAD
7668,BESHOM HOLDINGS BERHAD
7676,GUNUNG CAPITAL BERHAD
7692,WIDETECH (MALAYSIA) BERHAD
7722,ASIA BRANDS BERHAD
7757,UPA CORPORATION BHD
7765,RAPID SYNERGY BERHAD
7773,EP MANUFACTURING BHD
7803,RUBBEREX CORPORATION (M) BERHAD
7811,SAPURA INDUSTRIAL BERHAD
7854,TIMBERWELL BERHAD
7889,THRIVEN GLOBAL BERHAD
7935,MILUX CORPORATION BERHAD
7943,MPIRE GLOBAL BERHAD
7986,CN ASIA CORPORATION BHD
8044,COMPUTER FORMS (MALAYSIA) BERHAD
8052,CENTRAL GLOBAL BERHAD
8079,LEE SWEE KIAT GROUP BERHAD
8117,POLY GLASS FIBRE (M) BERHAD
8125,SCIENTEX PACKAGING (AYER KEROH) BERHAD
8133,BOUSTEAD HEAVY INDUSTRIES CORPORATION BHD
8141,MAJUPERAK HOLDINGS BERHAD
8176,ATA IMS BERHAD
8192,MERCURY INDUSTRIES BERHAD
8206,ECO WORLD DEVELOPMENT GROUP BERHAD
8273,PUBLIC PACKAGES HOLDINGS BHD
8303,LOTUS KFM BERHAD
8311,PESONA METRO HOLDINGS BERHAD
8338,DATAPREP HOLDINGS BHD
8346,PERAK CORPORATION BERHAD
8362,KYM HOLDINGS BERHAD
8397,TIONG NAM LOGISTICS HOLDINGS BERHAD
8419,PANSAR BERHAD
8435,CONCRETE ENGINEERING PRODUCTS BERHAD
8443,HIL INDUSTRIES BERHAD
8478,HWA TAI INDUSTRIES BERHAD
8486,LION FOREST INDUSTRIES BERHAD
8494,LBI CAPITAL BERHAD
8524,TALIWORKS CORPORATION BERHAD
8532,PERTAMA DIGITAL BERHAD
8567,SALCON BERHAD
8583,MAH SING GROUP BERHAD
8591,CREST BUILDER HOLDINGS BERHAD
8605,FEDERAL INTERNATIONAL HOLDINGS BERHAD
8613,ENRA GROUP BERHAD
8621,LPI CAPITAL BHD
8648,JASA KITA BERHAD
8664,S P SETIA BERHAD
8672,KAMDAR GROUP (M) BERHAD
8702,TEXCHEM RESOURCES BERHAD
8745,S & F CAPITAL BERHAD
8834,IREKA CORPORATION BERHAD
8869,PRESS METAL ALUMINIUM HOLDINGS BERHAD
8877,EKOVEST BERHAD
8885,AVILLION BERHAD
8893,MK LAND HOLDINGS BERHAD
8907,EG INDUSTRIES BERHAD
8923,JIANKUN INTERNATIONAL BERHAD
8966,PROLEXUS BERHAD
8982,CEPATWAWASAN GROUP BERHAD
9008,OMESTI BERHAD
9016,EKSONS CORPORATION BERHAD
9059,TSH RESOURCES BERHAD
9075,THETA EDGE BERHAD
9083,KUMPULAN JETSON BERHAD
9091,EMICO HOLDINGS BERHAD
9113,ICONIC WORLDWIDE BERHAD
9121,KPS CONSORTIUM BERHAD
9148,ADVANCED PACKAGING TECHNOLOGY (M) BHD
9172,FORMOSA PROSONIC INDUSTRIES BERHAD
9199,LYSAGHT GALVANIZED STEEL BERHAD
9237,SARAWAK CONSOLIDATED INDUSTRIES BERHAD
9261,GADANG HOLDINGS BHD
9288,BONIA CORPORATION BERHAD
9296,RCE CAPITAL BERHAD
9318,FITTERS DIVERSIFIED BERHAD
9326,LB ALUMINIUM BERHAD
9334,KESM INDUSTRIES BERHAD
9369,TEO GUAN LEE CORPORATION BERHAD
9377,FSBM HOLDINGS BERHAD
9385,LAY HONG BERHAD
9393,INDUSTRONICS BERHAD
9407,PARAGON UNION BERHAD
9423,CWG HOLDINGS BERHAD
9431,SENI JAYA CORPORATION BERHAD
9466,KKB ENGINEERING BERHAD
9539,MULTI-USAGE HOLDINGS BERHAD
9571,MITRAJAYA HOLDINGS BERHAD
9598,PINTARAS JAYA BHD
9601,HO WAH GENTING BERHAD
9628,LEBTECH BERHAD
9679,WCT HOLDINGS BERHAD
9687,IDEAL CAPITAL BERHAD
9695,PLS PLANTATIONS BERHAD
9717,SYCAL VENTURES BERHAD
9741,ROHAS TECNIC BERHAD
9776,SINMAH CAPITAL BERHAD
9792,SEG INTERNATIONAL BHD
9814,BERTAM ALLIANCE BERHAD
9822,SAM ENGINEERING & EQUIPMENT (M) BERHAD
9873,PRESTAR RESOURCES BERHAD
9881,LEADER STEEL HOLDINGS BERHAD
9938,BRIGHT PACKAGING INDUSTRY BERHAD
9946,REX INDUSTRY BERHAD
9954,RGT BERHAD
9962,GROMUTUAL BERHAD
9997,PENSONIC HOLDINGS BERHAD
